{
 "auc_bw": 0.8533333333333334,
 "p95_auc": 0.7466666666666667,
 "hits_at10": 1,
 "p95_p10": 4.0,
 "us_projection": 0.04199398968809226,
 "ms_embed": 15.641813144311623,
 "ms_llm": 2379.5318249998672,
 "ratio": 56663628.3590507
}