{
 "m1nd": {
  "n": 492,
  "k_next": 10,
  "base_rate": 0.3556910569105691,
  "auc": 0.43949526813880124,
  "null_p95": 0.5762226228030644,
  "prec20": 0.15,
  "rho": -0.1003228185249365,
  "rho_partial": -0.11680827933343424,
  "auc_no_selffix": 0.4471472274198818,
  "g1": false,
  "g2": false,
  "s1": true
 },
 "l00p": null,
 "synt0ny": {
  "proxy": "invi\u00e1vel",
  "base_rate": 0.0
 },
 "cherry-IT": {
  "n": 243,
  "k_next": 10,
  "base_rate": 0.3868312757201646,
  "auc": 0.4645152077680994
 }
}