{
 "mean_syn": 0.8421387773861878,
 "mean_shared": 0.8704612965336427,
 "mean_ant": 0.8586078075955216,
 "mean_par": 0.901257889908331,
 "mean_rand": 0.843128740499982,
 "d_syn": -0.027037528544248065,
 "p_syn": 0.5433456654334566,
 "hit5_emb": 0.023809523809523808,
 "hit5_char": 0.0,
 "hit5_1d": 0.047619047619047616,
 "d_par": 1.3851608007465446,
 "d_ant": 0.4390564596847202,
 "q_spec": 2.1180210649305327,
 "q_poly": 2.287451209292277,
 "p_q": 0.9292589392586033
}