{
 "acc": 1.0,
 "acc_seen": 1.0,
 "acc_near": 0.9285714285714286,
 "acc_far": 0.9285714285714286,
 "far_hits": 14,
 "auc": 1.0,
 "null_p95_matched": 0.8076923076923077,
 "null_p95_gauss": 0.7307692307692307,
 "adv_hits": 3
}