{
 "var_form": 0.31409099356993553,
 "centrado": {
  "d_syn": 2.4476638874835768,
  "p_syn": 9.999000099990002e-05,
  "hit5": 0.6666666666666666,
  "d_par": 3.7446056602465547,
  "R": 0.5159634549003169,
  "q_spec": 3.3025996675746816,
  "q_poly": 3.0951673681377105
 },
 "purificado": {
  "d_syn": 2.219916927671517,
  "p_syn": 9.999000099990002e-05,
  "hit5": 0.5952380952380952,
  "d_par": -1.850460358523625,
  "R": 0.3767158938902709,
  "q_spec": 2.297049641840941,
  "q_poly": 2.7267161075641533
 }
}