{
 "centrado": {
  "ce_ant": -0.01918051039531414,
  "ce_syn": 0.013083573148543163,
  "ce_rnd": -0.005884857314900375,
  "cc_ant": 0.21884079491145148,
  "cc_rnd": -0.0180958655420313,
  "p1": 0.019698030196980302,
  "p2": 0.00019998000199980003,
  "d3": 2.4901824167128734
 },
 "purificado": {
  "ce_ant": -0.016359063288405955,
  "ce_syn": 0.012819418369294077,
  "ce_rnd": -0.004654060506042691,
  "cc_ant": 0.11668939130938694,
  "cc_rnd": -0.005579596642542704,
  "p1": 0.06819318068193181,
  "p2": 0.005099490050994901,
  "d3": 1.0755663907308242
 }
}