{
 "frac_int": 0.4081321235540903,
 "frac_time": 0.08771901415941376,
 "null_mean": 0.2244684751994215,
 "null_p95": 0.3615352824633805,
 "slope": 0.6010243608047067,
 "r2": 0.9351422234263653,
 "pc_int": 1,
 "pc_time": 88
}