{
 "n": 227,
 "mean_syn": 0.47662803503504714,
 "mean_shared": 0.5785408219393886,
 "mean_ant": 0.5070122914836243,
 "mean_par": 0.6842184174606676,
 "mean_rand": 0.46998689406093985,
 "d_syn": 0.09048236621810242,
 "p_syn": 0.35806419358064195,
 "hit5_emb": 0.0,
 "hit5_char": 0.0,
 "hit5_1d": 0.0,
 "chance": 0.022123893805309734,
 "char_par": 0.5987441214927329,
 "char_rand": 0.0948659290817466,
 "d_ant": 0.4542266950267143,
 "q_spec": 2.777766326717184,
 "q_poly": 2.9935451195731653,
 "p_q": 0.6627879638823531,
 "det_delta": 0.0,
 "us_matmul": 3.0354169998645375,
 "ms_serial": 18.250209000143514
}