{
 "n": 227,
 "mean_syn": 0.7450771775500511,
 "mean_shared": 0.7052919758011104,
 "mean_ant": 0.6522831723594896,
 "mean_par": 0.6916847384823757,
 "mean_rand": 0.5320469432203245,
 "d_syn": 2.383322557181131,
 "p_syn": 9.999000099990002e-05,
 "hit5_emb": 0.6190476190476191,
 "hit5_char": 0.0,
 "hit5_1d": 0.0,
 "chance": 0.022123893805309734,
 "char_par": 0.5987441214927329,
 "char_rand": 0.0948659290817466,
 "d_ant": 1.9331260019137622,
 "q_spec": 2.7766717555593754,
 "q_poly": 2.3958914341058755,
 "p_q": 0.05759186575752558,
 "det_delta": 0.0,
 "us_matmul": 4.5044999997116975,
 "ms_serial": 20.493209000051138
}