{
 "acc": 0.932,
 "auc": 0.97896,
 "null_p95": 0.8124000000000001,
 "acc_short": 0.8296943231441049,
 "acc_long": 0.8376383763837638,
 "n_errors": 34
}